{"Oslo": 0.9059150580129227, "Kr.sand": 0.9142441055128567, "Tr.heim": 0.8863754838548676, "Troms\u00f8": 0.9283476361796809, "Bergen": 0.9184637348717116, "SE1": 0.8197295299220854, "SE2": 0.8196777474950073, "SE3": 0.8093446666189626, "SE4": 0.7937009503639056, "DK1": 0.7208407951793692, "DK2": 0.7162231897175955, "FI": 0.7917702937412257}