{"('Oslo', 1)": 1.018640618110854, "('Kr.sand', 1)": 1.019454422260328, "('Tr.heim', 1)": 1.020663832020002, "('Troms\u00f8', 1)": 1.013710267126811, "('Bergen', 1)": 1.0155745580673252, "('SE1', 1)": 1.0299156972599763, "('SE2', 1)": 1.029853320435542, "('SE3', 1)": 1.0357296604960398, "('SE4', 1)": 1.041223206804656, "('DK1', 1)": 1.033878700596866, "('DK2', 1)": 1.0352873685844395, "('FI', 1)": 1.0741540919701813, "('Oslo', 2)": 1.0260629014212246, "('Kr.sand', 2)": 1.026196726125993, "('Tr.heim', 2)": 1.0371149662127175, "('Troms\u00f8', 2)": 1.0246668559773198, "('Bergen', 2)": 1.0216098769671202, "('SE1', 2)": 1.046678839155774, "('SE2', 2)": 1.0466141119284673, "('SE3', 2)": 1.0520514201416857, "('SE4', 2)": 1.0620897482176868, "('DK1', 2)": 1.06992513558255, "('DK2', 2)": 1.072354131854903, "('FI', 2)": 1.0689055205497036, "('Oslo', 3)": 1.0214117389312347, "('Kr.sand', 3)": 1.022234195183359, "('Tr.heim', 3)": 1.034921663136567, "('Troms\u00f8', 3)": 1.0275662465569304, "('Bergen', 3)": 1.0246790791031488, "('SE1', 3)": 1.04373780453213, "('SE2', 3)": 1.0437664540614333, "('SE3', 3)": 1.0458583427448889, "('SE4', 3)": 1.0579170152996362, "('DK1', 3)": 1.074720520304308, "('DK2', 3)": 1.0693510726768962, "('FI', 3)": 1.067749702246003, "('Oslo', 4)": 1.0316385035758053, "('Kr.sand', 4)": 1.0156002535028736, "('Tr.heim', 4)": 1.0328200089139448, "('Troms\u00f8', 4)": 1.0306771609763437, "('Bergen', 4)": 1.017804668850481, "('SE1', 4)": 1.041859996296328, "('SE2', 4)": 1.042131438136941, "('SE3', 4)": 1.0485100975172958, "('SE4', 4)": 1.0530870663066891, "('DK1', 4)": 1.0595714150789568, "('DK2', 4)": 1.0623827806428547, "('FI', 4)": 1.0655953340160171, "('Oslo', 5)": 1.0114360832705276, "('Kr.sand', 5)": 1.0099950127594466, "('Tr.heim', 5)": 1.010999332552535, "('Troms\u00f8', 5)": 1.0113261036342944, "('Bergen', 5)": 1.0111459912637797, "('SE1', 5)": 1.0115488062934548, "('SE2', 5)": 1.0114862515277832, "('SE3', 5)": 1.0130919244992531, "('SE4', 5)": 1.0194116882218742, "('DK1', 5)": 1.0441934907999235, "('DK2', 5)": 1.0364196715112046, "('FI', 5)": 1.04931981876208, "('Oslo', 6)": 0.955850226206062, "('Kr.sand', 6)": 0.9639087494783599, "('Tr.heim', 6)": 0.9415972276887751, "('Troms\u00f8', 6)": 0.9531871541491841, "('Bergen', 6)": 0.9647786187053629, "('SE1', 6)": 0.9269468036204017, "('SE2', 6)": 0.9268894806917108, "('SE3', 6)": 0.9160260384173261, "('SE4', 6)": 0.8983510054651862, "('DK1', 6)": 0.89442605689503, "('DK2', 6)": 0.8866788043277157, "('FI', 6)": 0.8594521229033751, "('Oslo', 7)": 0.93495992848438, "('Kr.sand', 7)": 0.942610640689757, "('Tr.heim', 7)": 0.9218829694755426, "('Troms\u00f8', 7)": 0.9388662115791794, "('Bergen', 7)": 0.9444072070428791, "('SE1', 7)": 0.8993120528420199, "('SE2', 7)": 0.8992589432182085, "('SE3', 7)": 0.8887325161836018, "('SE4', 7)": 0.8679202696842914, "('DK1', 7)": 0.8232846807424514, "('DK2', 7)": 0.8375261704020873, "('FI', 7)": 0.8148234095525788}