{"('Oslo', 1)": 0.9412853325085725, "('Kr.sand', 1)": 0.9501391858802652, "('Tr.heim', 1)": 0.9162349306347655, "('Troms\u00f8', 1)": 0.9388340844262978, "('Bergen', 1)": 0.9511916522766793, "('SE1', 1)": 0.8856523780468716, "('SE2', 1)": 0.8855976087894413, "('SE3', 1)": 0.8746463422137283, "('SE4', 1)": 0.8507728549206728, "('DK1', 1)": 0.8282156144992289, "('DK2', 1)": 0.8165873769410249, "('FI', 1)": 0.7815473434715176, "('Oslo', 2)": 0.9151125131817786, "('Kr.sand', 2)": 0.9236458439174552, "('Tr.heim', 2)": 0.8890738731035113, "('Troms\u00f8', 2)": 0.9150014839111176, "('Bergen', 2)": 0.9252103211829269, "('SE1', 2)": 0.8517463940067923, "('SE2', 2)": 0.8516937215151071, "('SE3', 2)": 0.841161709128666, "('SE4', 2)": 0.8178606061532611, "('DK1', 2)": 0.7913356746793201, "('DK2', 2)": 0.7718414272147374, "('FI', 2)": 0.7490879886446187, "('Oslo', 3)": 0.8989446708089377, "('Kr.sand', 3)": 0.9072182858520551, "('Tr.heim', 3)": 0.872486503013765, "('Troms\u00f8', 3)": 0.8998474043661283, "('Bergen', 3)": 0.9092412761602453, "('SE1', 3)": 0.8306436799309889, "('SE2', 3)": 0.8305923124433982, "('SE3', 3)": 0.8203212392844053, "('SE4', 3)": 0.7974650698753956, "('DK1', 3)": 0.7683059998299526, "('DK2', 3)": 0.7463578083176534, "('FI', 3)": 0.7300341373002336, "('Oslo', 4)": 0.8916831620235451, "('Kr.sand', 4)": 0.8997308132247362, "('Tr.heim', 4)": 0.8653916302259119, "('Troms\u00f8', 4)": 0.8927320464259253, "('Bergen', 4)": 0.9021428499854627, "('SE1', 4)": 0.8228520590942043, "('SE2', 4)": 0.8228011734449715, "('SE3', 4)": 0.8126264452165128, "('SE4', 4)": 0.7899836867540633, "('DK1', 4)": 0.7581819680995211, "('DK2', 4)": 0.7372315613702785, "('FI', 4)": 0.7239713997454904, "('Oslo', 5)": 0.8977165753489419, "('Kr.sand', 5)": 0.9054405491837971, "('Tr.heim', 5)": 0.8738393518098702, "('Troms\u00f8', 5)": 0.8994134560714655, "('Bergen', 5)": 0.9080127844449158, "('SE1', 5)": 0.8375312838390403, "('SE2', 5)": 0.8374794904180237, "('SE3', 5)": 0.8271232506763685, "('SE4', 5)": 0.8041927817268136, "('DK1', 5)": 0.7696621232412654, "('DK2', 5)": 0.7528636331081603, "('FI', 5)": 0.7426729921140075, "('Oslo', 6)": 0.9308818765933199, "('Kr.sand', 6)": 0.9384071235622106, "('Tr.heim', 6)": 0.9132843018645009, "('Troms\u00f8', 6)": 0.9325863264600446, "('Bergen', 6)": 0.9406858887256129, "('SE1', 6)": 0.8914678167512958, "('SE2', 6)": 0.8914126878637585, "('SE3', 6)": 0.880398131443545, "('SE4', 6)": 0.8564368742169813, "('DK1', 6)": 0.8215079118839727, "('DK2', 6)": 0.8144063761190057, "('FI', 6)": 0.8503738779844637, "('Oslo', 7)": 0.9755072347443433, "('Kr.sand', 7)": 0.9811506900866878, "('Tr.heim', 7)": 0.9763245244303898, "('Troms\u00f8', 7)": 0.9844609445947841, "('Bergen', 7)": 0.9830578875699121, "('SE1', 7)": 0.9717727300807824, "('SE2', 7)": 0.9717126350907651, "('SE3', 7)": 0.9610911161129455, "('SE4', 7)": 0.949639987163293, "('DK1', 7)": 0.9661260029881016, "('DK2', 7)": 0.9456086747999232, "('FI', 7)": 1.010309684872825, "('Oslo', 8)": 1.0467462291112972, "('Kr.sand', 8)": 1.0360390277818279, "('Tr.heim', 8)": 1.0524923227807814, "('Troms\u00f8', 8)": 1.0381306789833165, "('Bergen', 8)": 1.0350792311383237, "('SE1', 8)": 1.0726995618118143, "('SE2', 8)": 1.0729082705803425, "('SE3', 8)": 1.0819860129266126, "('SE4', 8)": 1.1014351638445044, "('DK1', 8)": 1.122524284705218, "('DK2', 8)": 1.1243652469732779, "('FI', 8)": 1.1644963047594161, "('Oslo', 9)": 1.0882839479456545, "('Kr.sand', 9)": 1.0705070805347159, "('Tr.heim', 9)": 1.101684741796677, "('Troms\u00f8', 9)": 1.0729540656300298, "('Bergen', 9)": 1.0668563964783946, "('SE1', 9)": 1.1286901923609538, "('SE2', 9)": 1.1291620381659686, "('SE3', 9)": 1.1549631420869184, "('SE4', 9)": 1.1799229060474725, "('DK1', 9)": 1.19092172252228, "('DK2', 9)": 1.20488216027395, "('FI', 9)": 1.240509292205767, "('Oslo', 10)": 1.0772206705721408, "('Kr.sand', 10)": 1.0647440773810128, "('Tr.heim', 10)": 1.095202974737723, "('Troms\u00f8', 10)": 1.069201881127307, "('Bergen', 10)": 1.0627214548880903, "('SE1', 10)": 1.120888084252106, "('SE2', 10)": 1.1210382127957337, "('SE3', 10)": 1.1392460242120357, "('SE4', 10)": 1.1585710936109805, "('DK1', 10)": 1.163936279487576, "('DK2', 10)": 1.1809018884665543, "('FI', 10)": 1.2195603923551592, "('Oslo', 11)": 1.0597121271511303, "('Kr.sand', 11)": 1.0533077449783124, "('Tr.heim', 11)": 1.0828459705405278, "('Troms\u00f8', 11)": 1.0600382457101434, "('Bergen', 11)": 1.052127669265664, "('SE1', 11)": 1.1060428931480402, "('SE2', 11)": 1.1061008973356379, "('SE3', 11)": 1.1188104484106964, "('SE4', 11)": 1.131332187072402, "('DK1', 11)": 1.127280975784802, "('DK2', 11)": 1.1468365346427065, "('FI', 11)": 1.1841392268006292, "('Oslo', 12)": 1.043919267297962, "('Kr.sand', 12)": 1.0409913848052996, "('Tr.heim', 12)": 1.0660527705837737, "('Troms\u00f8', 12)": 1.0480885020689417, "('Bergen', 12)": 1.0407139909819498, "('SE1', 12)": 1.0881359816764964, "('SE2', 12)": 1.088122038773348, "('SE3', 12)": 1.0960241933400825, "('SE4', 12)": 1.1062843047921478, "('DK1', 12)": 1.0957001480099986, "('DK2', 12)": 1.1149694954320188, "('FI', 12)": 1.1599135480042475, "('Oslo', 13)": 1.0291416310547057, "('Kr.sand', 13)": 1.0275971472818737, "('Tr.heim', 13)": 1.0475283653835217, "('Troms\u00f8', 13)": 1.0344296606329033, "('Bergen', 13)": 1.0281603669951669, "('SE1', 13)": 1.0629966532375847, "('SE2', 13)": 1.0629376733894491, "('SE3', 13)": 1.0652113743703548, "('SE4', 13)": 1.0664099872680355, "('DK1', 13)": 1.0459960702109992, "('DK2', 13)": 1.0684465333436677, "('FI', 13)": 1.1337445584482564, "('Oslo', 14)": 1.0177508812620413, "('Kr.sand', 14)": 1.0179138576518758, "('Tr.heim', 14)": 1.0344265271708468, "('Troms\u00f8', 14)": 1.0259239181190627, "('Bergen', 14)": 1.0188988882351584, "('SE1', 14)": 1.0449164554316797, "('SE2', 14)": 1.0448570453129564, "('SE3', 14)": 1.0435119730774445, "('SE4', 14)": 1.04373553444768, "('DK1', 14)": 1.0169969958380587, "('DK2', 14)": 1.041004442816128, "('FI', 14)": 1.1008737108964415, "('Oslo', 15)": 1.0109639562646007, "('Kr.sand', 15)": 1.0115428325985416, "('Tr.heim', 15)": 1.0248883527497206, "('Troms\u00f8', 15)": 1.0196120912316562, "('Bergen', 15)": 1.0125849512864995, "('SE1', 15)": 1.031139136084289, "('SE2', 15)": 1.0310814225232796, "('SE3', 15)": 1.0290047411615477, "('SE4', 15)": 1.0246628412261243, "('DK1', 15)": 0.9967306150199828, "('DK2', 15)": 1.0202123244565013, "('FI', 15)": 1.0694670032768698, "('Oslo', 16)": 1.0138070257014409, "('Kr.sand', 16)": 1.0123970474145874, "('Tr.heim', 16)": 1.0255040746603714, "('Troms\u00f8', 16)": 1.0212494081055716, "('Bergen', 16)": 1.012678212766869, "('SE1', 16)": 1.0307666619651006, "('SE2', 16)": 1.0307941312667273, "('SE3', 16)": 1.0310670941664384, "('SE4', 16)": 1.0260887094425828, "('DK1', 16)": 1.0017450270556985, "('DK2', 16)": 1.0228857617102738, "('FI', 16)": 1.0742122367880118, "('Oslo', 17)": 1.0369118599677722, "('Kr.sand', 17)": 1.0280768504493125, "('Tr.heim', 17)": 1.0370743859340594, "('Troms\u00f8', 17)": 1.031871797940474, "('Bergen', 17)": 1.0263619024283028, "('SE1', 17)": 1.0437615885859424, "('SE2', 17)": 1.0437288535337965, "('SE3', 17)": 1.0511545653554253, "('SE4', 17)": 1.0535562305004682, "('DK1', 17)": 1.0337695892591023, "('DK2', 17)": 1.0580926178105075, "('FI', 17)": 1.100929308026141, "('Oslo', 18)": 1.0656138717375996, "('Kr.sand', 18)": 1.0527004691178223, "('Tr.heim', 18)": 1.0639841486019175, "('Troms\u00f8', 18)": 1.050708802297958, "('Bergen', 18)": 1.0487606753387535, "('SE1', 18)": 1.0837803149357845, "('SE2', 18)": 1.083827449730033, "('SE3', 18)": 1.1032096897852304, "('SE4', 18)": 1.1255381871806012, "('DK1', 18)": 1.1372273007512672, "('DK2', 18)": 1.1539232438367641, "('FI', 18)": 1.135812377192337, "('Oslo', 19)": 1.0623016123500362, "('Kr.sand', 19)": 1.0552995202760231, "('Tr.heim', 19)": 1.0673222551018982, "('Troms\u00f8', 19)": 1.0536837062086346, "('Bergen', 19)": 1.0528388816143548, "('SE1', 19)": 1.0906648923156566,