{"('Oslo', 1)": 1.1425982364853098, "('Kr.sand', 1)": 1.1201965584096438, "('Tr.heim', 1)": 1.0660154932250734, "('Troms\u00f8', 1)": 1.0799383734619539, "('Bergen', 1)": 1.1150190788583956, "('SE1', 1)": 1.0714124619274163, "('SE2', 1)": 1.0713462051585125, "('SE3', 1)": 1.0825914638999856, "('SE4', 1)": 1.0684240475472537, "('DK1', 1)": 1.0015996891119485, "('DK2', 1)": 1.0185463367921557, "('FI', 1)": 1.071422863670512, "('Oslo', 2)": 1.0461135791572618, "('Kr.sand', 2)": 1.0531813424042444, "('Tr.heim', 2)": 1.0074135706091165, "('Troms\u00f8', 2)": 1.016455718897055, "('Bergen', 2)": 1.0559052362519055, "('SE1', 2)": 1.0012302595319782, "('SE2', 2)": 1.0011683428712312, "('SE3', 2)": 1.0010510465274043, "('SE4', 2)": 1.0006305135970208, "('DK1', 2)": 0.966888679685519, "('DK2', 2)": 0.9630876711111981, "('FI', 2)": 0.9824366980420364, "('Oslo', 3)": 1.0251049338192144, "('Kr.sand', 3)": 1.0206007171322735, "('Tr.heim', 3)": 0.9878607621891411, "('Troms\u00f8', 3)": 0.9951141338898863, "('Bergen', 3)": 1.0258791691405147, "('SE1', 3)": 0.9657323898485035, "('SE2', 3)": 0.9656726683966343, "('SE3', 3)": 0.9575095236533445, "('SE4', 3)": 0.9434711154193373, "('DK1', 3)": 0.9034572797528896, "('DK2', 3)": 0.9045389044848287, "('FI', 3)": 0.9180993469129227, "('Oslo', 4)": 0.972937405956713, "('Kr.sand', 4)": 0.9750412745032215, "('Tr.heim', 4)": 0.9601466946466374, "('Troms\u00f8', 4)": 0.9682222088443283, "('Bergen', 4)": 0.9838282228028835, "('SE1', 4)": 0.9351242407495292, "('SE2', 4)": 0.9350664121233769, "('SE3', 4)": 0.9249941520373448, "('SE4', 4)": 0.9040519029209529, "('DK1', 4)": 0.9228652240105171, "('DK2', 4)": 0.8934685441624098, "('FI', 4)": 0.9089733138117678, "('Oslo', 5)": 0.8842991792411594, "('Kr.sand', 5)": 0.8925711632648743, "('Tr.heim', 5)": 0.9493080402440297, "('Troms\u00f8', 5)": 0.9714679688627669, "('Bergen', 5)": 0.8952259061205836, "('SE1', 5)": 0.916030713073387, "('SE2', 5)": 0.9159740652020755, "('SE3', 5)": 0.9057479654205026, "('SE4', 5)": 0.905992573702441, "('DK1', 5)": 0.9353372101228455, "('DK2', 5)": 0.9259584914592363, "('FI', 5)": 0.8989576518998104, "('Oslo', 6)": 0.8352129581162566, "('Kr.sand', 6)": 0.8441044336176828, "('Tr.heim', 6)": 0.8889070579961913, "('Troms\u00f8', 6)": 0.8799440783754191, "('Bergen', 6)": 0.8438537709374208, "('SE1', 6)": 0.9033803084363066, "('SE2', 6)": 0.9033244428733649, "('SE3', 6)": 0.8985875465360726, "('SE4', 6)": 0.9305827012699908, "('DK1', 6)": 0.9613804879681824, "('DK2', 6)": 0.9770816557840988, "('FI', 6)": 0.9042376925441729, "('Oslo', 7)": 0.9324667431225601, "('Kr.sand', 7)": 0.9361975319428552, "('Tr.heim', 7)": 0.9287805340578622, "('Troms\u00f8', 7)": 0.9128724710046813, "('Bergen', 7)": 0.9317933711668229, "('SE1', 7)": 0.9546861487353335, "('SE2', 7)": 0.9546335354990896, "('SE3', 7)": 0.9446450687513644, "('SE4', 7)": 0.934985288365957, "('DK1', 7)": 1.005608519887289, "('DK2', 7)": 0.9713839839459858, "('FI', 7)": 1.0328619354484303, "('Oslo', 8)": 0.946438663641294, "('Kr.sand', 8)": 0.9533312419924432, "('Tr.heim', 8)": 0.9928467067876853, "('Troms\u00f8', 8)": 0.9632350821287128, "('Bergen', 8)": 0.9470810629054636, "('SE1', 8)": 1.0453680165200847, "('SE2', 8)": 1.0453033703548111, "('SE3', 8)": 1.0503386728411657, "('SE4', 8)": 1.0371702052674836, "('DK1', 8)": 1.0768056360184441, "('DK2', 8)": 1.0759886816609519, "('FI', 8)": 1.0867843335622636, "('Oslo', 9)": 0.9510347979061163, "('Kr.sand', 9)": 0.9584565764866837, "('Tr.heim', 9)": 1.033599541120162, "('Troms\u00f8', 9)": 1.0295527819985655, "('Bergen', 9)": 0.9484536096553143, "('SE1', 9)": 1.0522463835982163, "('SE2', 9)": 1.0529274100823913, "('SE3', 9)": 1.0529805540773536, "('SE4', 9)": 1.0464771677293077, "('DK1', 9)": 1.0662289557192972, "('DK2', 9)": 1.0866175718597255, "('FI', 9)": 1.0786627100019777, "('Oslo', 10)": 1.0144814393141, "('Kr.sand', 10)": 1.0102275944056585, "('Tr.heim', 10)": 1.0288011459706947, "('Troms\u00f8', 10)": 1.027003449280611, "('Bergen', 10)": 1.0057855934552282, "('SE1', 10)": 1.0237041777940663, "('SE2', 10)": 1.0236408713331615, "('SE3', 10)": 1.032772051988711, "('SE4', 10)": 1.07671765620564, "('DK1', 10)": 1.0521210205999514, "('DK2', 10)": 1.0776057812628272, "('FI', 10)": 1.0531735928169377, "('Oslo', 11)": 1.1560609271119207, "('Kr.sand', 11)": 1.147648344003762, "('Tr.heim', 11)": 1.127470535628669, "('Troms\u00f8', 11)": 1.1148828899088397, "('Bergen', 11)": 1.1542547495309536, "('SE1', 11)": 1.1114679971438481, "('SE2', 11)": 1.111399263317383, "('SE3', 11)": 1.1219754019416086, "('SE4', 11)": 1.1291517042208559, "('DK1', 11)": 1.1498486291209045, "('DK2', 11)": 1.136023385805564, "('FI', 11)": 1.0696676367705384, "('Oslo', 12)": 1.0947318209681325, "('Kr.sand', 12)": 1.0908926121193276, "('Tr.heim', 12)": 1.0298540770770561, "('Troms\u00f8', 12)": 1.0425762141860646, "('Bergen', 12)": 1.0957843750555465, "('SE1', 12)": 1.0198009241017472, "('SE2', 12)": 1.0197378590203177, "('SE3', 12)": 1.0268554432850816, "('SE4', 12)": 1.022733831216137, "('DK1', 12)": 0.9580685999140077, "('DK2', 12)": 0.9693314505666788, "('FI', 12)": 0.991876374978126}